timestamp,session_id,function,phase,duration_sec
2025-11-17 14:36:55.224974,l7r57b,translate_text_Google_Paid,gcloud_en,0.862808
2025-11-17 14:36:56.091309,l7r57b,translate_text_Google_Paid,gcloud_fr,0.119497
2025-11-17 14:36:56.213806,l7r57b,translate_text_Google_Paid,gcloud_de,0.160552
2025-11-17 14:36:56.376321,l7r57b,translate_text_Google_Paid,gcloud_it,0.160575
2025-11-17 14:36:56.538403,l7r57b,translate_text_Google_Paid,gcloud_ht,0.247309
2025-11-17 14:36:56.788688,l7r57b,translate_text_Google_Paid,gcloud_zh,0.158211
2025-11-17 14:42:51.914001,lclvh4,translate_text_Google_Paid,gcloud_en,0.813844
2025-11-17 14:42:52.731387,lclvh4,translate_text_Google_Paid,gcloud_fr,0.157013
2025-11-17 14:42:52.893410,lclvh4,translate_text_Google_Paid,gcloud_de,0.186292
2025-11-17 14:42:53.083698,lclvh4,translate_text_Google_Paid,gcloud_it,0.180981
2025-11-17 14:42:53.268712,lclvh4,translate_text_Google_Paid,gcloud_ht,0.20698
2025-11-17 14:42:53.478520,lclvh4,translate_text_Google_Paid,gcloud_zh,0.240055
2025-11-17 14:42:55.293355,lclvh4,translate_text_Google_Paid,gcloud_en,0.121071
2025-11-17 14:42:55.417432,lclvh4,translate_text_Google_Paid,gcloud_fr,0.158964
2025-11-17 14:42:55.578640,lclvh4,translate_text_Google_Paid,gcloud_de,0.193761
2025-11-17 14:42:55.774409,lclvh4,translate_text_Google_Paid,gcloud_it,0.297183
2025-11-17 14:42:56.073576,lclvh4,translate_text_Google_Paid,gcloud_ht,0.162768
2025-11-17 14:42:56.239385,lclvh4,translate_text_Google_Paid,gcloud_zh,0.147987
2025-11-17 14:43:16.858481,lclvh4,translate_text_Google_Paid,gcloud_en,0.128148
2025-11-17 14:43:16.991883,lclvh4,translate_text_Google_Paid,gcloud_fr,0.264589
2025-11-17 14:43:17.258571,lclvh4,translate_text_Google_Paid,gcloud_de,0.258068
2025-11-17 14:43:17.519577,lclvh4,translate_text_Google_Paid,gcloud_it,0.211047
2025-11-17 14:43:17.733202,lclvh4,translate_text_Google_Paid,gcloud_ht,0.224297
2025-11-17 14:43:17.959887,lclvh4,translate_text_Google_Paid,gcloud_zh,0.207721
2025-11-17 14:43:20.500490,lclvh4,translate_text_Google_Paid,gcloud_en,0.185844
2025-11-17 14:43:20.690394,lclvh4,translate_text_Google_Paid,gcloud_fr,0.249339
2025-11-17 14:43:20.942255,lclvh4,translate_text_Google_Paid,gcloud_de,0.150028
2025-11-17 14:43:21.095283,lclvh4,translate_text_Google_Paid,gcloud_it,0.219927
2025-11-17 14:43:21.317763,lclvh4,translate_text_Google_Paid,gcloud_ht,0.211982
2025-11-17 14:43:21.532934,lclvh4,translate_text_Google_Paid,gcloud_zh,0.203617
2025-11-17 14:43:56.945701,lclvh4,translate_text_Google_Paid,gcloud_en,0.18223
2025-11-17 14:43:57.129454,lclvh4,translate_text_Google_Paid,gcloud_fr,0.211179
2025-11-17 14:43:57.343636,lclvh4,translate_text_Google_Paid,gcloud_de,0.162837
2025-11-17 14:43:57.508548,lclvh4,translate_text_Google_Paid,gcloud_it,0.18733
2025-11-17 14:43:57.699916,lclvh4,translate_text_Google_Paid,gcloud_ht,0.192348
2025-11-17 14:43:57.894264,lclvh4,translate_text_Google_Paid,gcloud_zh,0.160267
2025-11-17 14:44:06.973258,lclvh4,translate_text_Google_Paid,gcloud_en,0.159252
2025-11-17 14:44:07.135512,lclvh4,translate_text_Google_Paid,gcloud_fr,0.182829
2025-11-17 14:44:07.320348,lclvh4,translate_text_Google_Paid,gcloud_de,0.220202
2025-11-17 14:44:07.542550,lclvh4,translate_text_Google_Paid,gcloud_it,0.19597
2025-11-17 14:44:07.741533,lclvh4,translate_text_Google_Paid,gcloud_ht,0.216093
2025-11-17 14:44:07.960146,lclvh4,translate_text_Google_Paid,gcloud_zh,0.204551
2025-11-17 14:44:11.418614,lclvh4,translate_text_Google_Paid,gcloud_en,0.122167
2025-11-17 14:44:11.545796,lclvh4,translate_text_Google_Paid,gcloud_fr,0.163897
2025-11-17 14:44:11.714702,lclvh4,translate_text_Google_Paid,gcloud_de,0.206767
2025-11-17 14:44:11.924469,lclvh4,translate_text_Google_Paid,gcloud_it,0.355617
2025-11-17 14:44:12.283434,lclvh4,translate_text_Google_Paid,gcloud_ht,0.196281
2025-11-17 14:44:12.483348,lclvh4,translate_text_Google_Paid,gcloud_zh,0.224953
2025-11-17 14:44:21.991452,lclvh4,translate_text_Google_Paid,gcloud_en,0.122072
2025-11-17 14:44:22.116517,lclvh4,translate_text_Google_Paid,gcloud_fr,0.229524
2025-11-17 14:44:22.350033,lclvh4,translate_text_Google_Paid,gcloud_de,0.207522
2025-11-17 14:44:22.562423,lclvh4,translate_text_Google_Paid,gcloud_it,0.231184
2025-11-17 14:44:22.796601,lclvh4,translate_text_Google_Paid,gcloud_ht,0.181641
2025-11-17 14:44:22.980253,lclvh4,translate_text_Google_Paid,gcloud_zh,0.165167
2025-11-17 14:44:26.946436,lclvh4,translate_text_Google_Paid,gcloud_en,0.14129
2025-11-17 14:44:27.090247,lclvh4,translate_text_Google_Paid,gcloud_fr,0.177168
2025-11-17 14:44:27.005641,lclvh4,translate_text_Google_Paid,gcloud_en,0.344831
2025-11-17 14:44:27.269635,lclvh4,translate_text_Google_Paid,gcloud_de,0.191764
2025-11-17 14:44:27.353473,lclvh4,translate_text_Google_Paid,gcloud_fr,0.206995
2025-11-17 14:44:27.464396,lclvh4,translate_text_Google_Paid,gcloud_it,0.193857
2025-11-17 14:44:27.662265,lclvh4,translate_text_Google_Paid,gcloud_ht,0.15423
2025-11-17 14:44:27.605149,lclvh4,translate_text_Google_Paid,gcloud_de,0.224165
2025-11-17 14:44:27.819221,lclvh4,translate_text_Google_Paid,gcloud_zh,0.200952
2025-11-17 14:44:27.832320,lclvh4,translate_text_Google_Paid,gcloud_it,0.218063
2025-11-17 14:44:28.053388,lclvh4,translate_text_Google_Paid,gcloud_ht,0.241904
2025-11-17 14:44:28.173564,lclvh4,translate_text_Google_Paid,gcloud_en,0.177004
2025-11-17 14:44:28.354569,lclvh4,translate_text_Google_Paid,gcloud_fr,0.453885
2025-11-17 14:44:28.299352,lclvh4,translate_text_Google_Paid,gcloud_zh,0.521175
2025-11-17 14:44:28.817994,lclvh4,translate_text_Google_Paid,gcloud_de,0.213167
2025-11-17 14:44:29.036160,lclvh4,translate_text_Google_Paid,gcloud_it,0.205312
2025-11-17 14:44:29.245479,lclvh4,translate_text_Google_Paid,gcloud_ht,0.249517
2025-11-17 14:44:29.499932,lclvh4,translate_text_Google_Paid,gcloud_zh,0.188443
2025-11-17 14:44:42.061396,lclvh4,translate_text_Google_Paid,gcloud_en,0.136228
2025-11-17 14:44:42.200155,lclvh4,translate_text_Google_Paid,gcloud_fr,0.172571
2025-11-17 14:44:42.374718,lclvh4,translate_text_Google_Paid,gcloud_de,0.153206
2025-11-17 14:44:42.530442,lclvh4,translate_text_Google_Paid,gcloud_it,0.160304
2025-11-17 14:44:42.692745,lclvh4,translate_text_Google_Paid,gcloud_ht,0.178474
2025-11-17 14:44:42.873194,lclvh4,translate_text_Google_Paid,gcloud_zh,0.304787
2025-11-17 14:45:07.133903,lclvh4,translate_text_Google_Paid,gcloud_en,0.156707
2025-11-17 14:45:07.295609,lclvh4,translate_text_Google_Paid,gcloud_fr,0.313515
2025-11-17 14:45:07.615143,lclvh4,translate_text_Google_Paid,gcloud_de,0.19713
2025-11-17 14:45:07.816273,lclvh4,translate_text_Google_Paid,gcloud_it,0.211319
2025-11-17 14:45:08.033135,lclvh4,translate_text_Google_Paid,gcloud_ht,0.26967
2025-11-17 14:45:08.308334,lclvh4,translate_text_Google_Paid,gcloud_zh,0.223035
2025-11-17 14:45:08.793315,lclvh4,translate_text_Google_Paid,gcloud_en,0.138096
2025-11-17 14:45:08.936408,lclvh4,translate_text_Google_Paid,gcloud_fr,0.217902
2025-11-17 14:45:09.158327,lclvh4,translate_text_Google_Paid,gcloud_de,0.272798
2025-11-17 14:45:09.436130,lclvh4,translate_text_Google_Paid,gcloud_it,0.569725
2025-11-17 14:45:10.009908,lclvh4,translate_text_Google_Paid,gcloud_ht,0.251517
2025-11-17 14:45:10.267934,lclvh4,translate_text_Google_Paid,gcloud_zh,0.25342
2025-11-17 14:45:37.244337,lclvh4,translate_text_Google_Paid,gcloud_en,0.166318
2025-11-17 14:45:37.414655,lclvh4,translate_text_Google_Paid,gcloud_fr,0.234006
2025-11-17 14:45:37.656703,lclvh4,translate_text_Google_Paid,gcloud_de,0.258517
2025-11-17 14:45:37.989338,lclvh4,translate_text_Google_Paid,gcloud_it,0.226879
2025-11-17 14:45:38.227350,lclvh4,translate_text_Google_Paid,gcloud_ht,0.180175
2025-11-17 14:45:38.412578,lclvh4,translate_text_Google_Paid,gcloud_zh,0.205439
2025-11-17 14:46:47.557677,lclvh4,translate_text_Google_Paid,gcloud_en,0.171314
2025-11-17 14:46:47.736008,lclvh4,translate_text_Google_Paid,gcloud_fr,0.237467
2025-11-17 14:46:47.975991,lclvh4,translate_text_Google_Paid,gcloud_de,0.203234
2025-11-17 14:46:48.183187,lclvh4,translate_text_Google_Paid,gcloud_it,0.197244
2025-11-17 14:46:48.382464,lclvh4,translate_text_Google_Paid,gcloud_ht,0.197811
2025-11-17 14:46:48.583277,lclvh4,translate_text_Google_Paid,gcloud_zh,0.205842
2025-11-17 14:47:02.593026,lclvh4,translate_text_Google_Paid,gcloud_en,0.130811
2025-11-17 14:47:02.727378,lclvh4,translate_text_Google_Paid,gcloud_fr,0.383817
2025-11-17 14:47:03.113200,lclvh4,translate_text_Google_Paid,gcloud_de,0.205323
2025-11-17 14:47:03.321534,lclvh4,translate_text_Google_Paid,gcloud_it,0.218154
2025-11-17 14:47:03.541650,lclvh4,translate_text_Google_Paid,gcloud_ht,0.21989
2025-11-17 14:47:03.764539,lclvh4,translate_text_Google_Paid,gcloud_zh,0.210665
2025-11-17 14:47:27.647479,lclvh4,translate_text_Google_Paid,gcloud_en,0.14009
2025-11-17 14:47:27.790140,lclvh4,translate_text_Google_Paid,gcloud_fr,0.197475
2025-11-17 14:47:27.989586,lclvh4,translate_text_Google_Paid,gcloud_de,0.212718
2025-11-17 14:47:28.204827,lclvh4,translate_text_Google_Paid,gcloud_it,0.202861
2025-11-17 14:47:28.411228,lclvh4,translate_text_Google_Paid,gcloud_ht,0.173651
2025-11-17 14:47:28.587348,lclvh4,translate_text_Google_Paid,gcloud_zh,0.355994
2025-11-17 14:47:35.696206,lclvh4,translate_text_Google_Paid,gcloud_en,0.71979
2025-11-17 14:47:36.420502,lclvh4,translate_text_Google_Paid,gcloud_es,0.288649
2025-11-17 14:47:36.711127,lclvh4,translate_text_Google_Paid,gcloud_fr,0.267377
2025-11-17 14:47:36.980787,lclvh4,translate_text_Google_Paid,gcloud_de,0.240204
2025-11-17 14:47:37.222991,lclvh4,translate_text_Google_Paid,gcloud_it,0.259501
2025-11-17 14:47:37.485459,lclvh4,translate_text_Google_Paid,gcloud_ht,0.207702
2025-11-17 14:47:37.697683,lclvh4,translate_text_Google_Paid,gcloud_zh,0.309824
2025-11-17 14:47:40.673685,lclvh4,translate_text_Google_Paid,gcloud_en,0.201583
2025-11-17 14:47:40.879487,lclvh4,translate_text_Google_Paid,gcloud_es,0.249425
2025-11-17 14:47:41.134923,lclvh4,translate_text_Google_Paid,gcloud_fr,0.376381
2025-11-17 14:47:41.517355,lclvh4,translate_text_Google_Paid,gcloud_de,0.232828
2025-11-17 14:47:41.753194,lclvh4,translate_text_Google_Paid,gcloud_it,0.21224
2025-11-17 14:47:41.969601,lclvh4,translate_text_Google_Paid,gcloud_ht,0.224715
2025-11-17 14:47:42.206507,lclvh4,translate_text_Google_Paid,gcloud_zh,0.195127
2025-11-17 14:47:43.030942,lclvh4,translate_text_Google_Paid,gcloud_en,0.195095
2025-11-17 14:47:43.042202,lclvh4,translate_text_Google_Paid,gcloud_en,0.854593
2025-11-17 14:47:43.899305,lclvh4,translate_text_Google_Paid,gcloud_fr,0.197221
2025-11-17 14:47:44.100575,lclvh4,translate_text_Google_Paid,gcloud_de,0.249281
2025-11-17 14:47:44.354885,lclvh4,translate_text_Google_Paid,gcloud_it,0.14342
2025-11-17 14:47:44.504340,lclvh4,translate_text_Google_Paid,gcloud_ht,0.236209
2025-11-17 14:47:44.749620,lclvh4,translate_text_Google_Paid,gcloud_zh,0.218444
2025-11-17 14:48:20.758774,lclvh4,translate_text_Google_Paid,gcloud_en,0.134413
2025-11-17 14:48:20.896195,lclvh4,translate_text_Google_Paid,gcloud_es,0.182821
2025-11-17 14:48:21.081028,lclvh4,translate_text_Google_Paid,gcloud_fr,0.199941
2025-11-17 14:48:21.285966,lclvh4,translate_text_Google_Paid,gcloud_de,0.210254
2025-11-17 14:48:21.498289,lclvh4,translate_text_Google_Paid,gcloud_it,0.19839
2025-11-17 14:48:21.698184,lclvh4,translate_text_Google_Paid,gcloud_ht,0.187963
2025-11-17 14:48:21.889177,lclvh4,translate_text_Google_Paid,gcloud_zh,0.187138
2025-11-17 14:48:25.764853,lclvh4,translate_text_Google_Paid,gcloud_en,0.113726
2025-11-17 14:48:25.880665,lclvh4,translate_text_Google_Paid,gcloud_es,0.173
2025-11-17 14:48:26.055632,lclvh4,translate_text_Google_Paid,gcloud_fr,0.20292
2025-11-17 14:48:26.260065,lclvh4,translate_text_Google_Paid,gcloud_de,0.195447
2025-11-17 14:48:26.458527,lclvh4,translate_text_Google_Paid,gcloud_it,0.219869
2025-11-17 14:48:26.680587,lclvh4,translate_text_Google_Paid,gcloud_ht,0.259076
2025-11-17 14:48:26.943421,lclvh4,translate_text_Google_Paid,gcloud_zh,0.213091
2025-11-17 14:48:27.123373,lclvh4,translate_text_Google_Paid,gcloud_en,0.186033
2025-11-17 14:48:30.771514,lclvh4,translate_text_Google_Paid,gcloud_en,0.111644
2025-11-17 14:48:30.885158,lclvh4,translate_text_Google_Paid,gcloud_es,0.203153
2025-11-17 14:48:31.090317,lclvh4,translate_text_Google_Paid,gcloud_fr,0.166322
2025-11-17 14:48:31.260162,lclvh4,translate_text_Google_Paid,gcloud_de,0.240248
2025-11-17 14:48:31.504434,lclvh4,translate_text_Google_Paid,gcloud_it,0.174173
2025-11-17 14:48:31.681303,lclvh4,translate_text_Google_Paid,gcloud_ht,0.200735
2025-11-17 14:48:31.884045,lclvh4,translate_text_Google_Paid,gcloud_zh,0.19428
2025-11-17 14:48:32.199571,lclvh4,translate_text_Google_Paid,gcloud_en,0.127742
2025-11-17 14:48:32.330343,lclvh4,translate_text_Google_Paid,gcloud_es,0.194591
2025-11-17 14:48:32.527446,lclvh4,translate_text_Google_Paid,gcloud_fr,0.183164
2025-11-17 14:48:32.712611,lclvh4,translate_text_Google_Paid,gcloud_de,0.192555
2025-11-17 14:48:32.907710,lclvh4,translate_text_Google_Paid,gcloud_it,0.187829
2025-11-17 14:48:33.098580,lclvh4,translate_text_Google_Paid,gcloud_ht,0.190667
2025-11-17 14:48:33.291246,lclvh4,translate_text_Google_Paid,gcloud_zh,0.17641
2025-11-17 14:48:50.797395,lclvh4,translate_text_Google_Paid,gcloud_en,0.09918
2025-11-17 14:48:50.898589,lclvh4,translate_text_Google_Paid,gcloud_es,0.231815
2025-11-17 14:48:51.132404,lclvh4,translate_text_Google_Paid,gcloud_fr,0.249418
2025-11-17 14:48:51.384821,lclvh4,translate_text_Google_Paid,gcloud_de,0.183637
2025-11-17 14:48:51.571465,lclvh4,translate_text_Google_Paid,gcloud_it,0.207563
2025-11-17 14:48:51.781038,lclvh4,translate_text_Google_Paid,gcloud_ht,0.204077
2025-11-17 14:48:51.989170,lclvh4,translate_text_Google_Paid,gcloud_zh,0.237468
2025-11-17 14:48:55.811866,lclvh4,translate_text_Google_Paid,gcloud_en,0.150297
2025-11-17 14:48:55.964170,lclvh4,translate_text_Google_Paid,gcloud_es,0.186349
2025-11-17 14:48:56.152514,lclvh4,translate_text_Google_Paid,gcloud_fr,0.163499
2025-11-17 14:48:56.320042,lclvh4,translate_text_Google_Paid,gcloud_de,0.199559
2025-11-17 14:48:56.521632,lclvh4,translate_text_Google_Paid,gcloud_it,0.197968
2025-11-17 14:48:56.723612,lclvh4,translate_text_Google_Paid,gcloud_ht,0.175735
2025-11-17 14:48:56.902347,lclvh4,translate_text_Google_Paid,gcloud_zh,0.258872
2025-11-17 14:48:59.856416,lclvh4,translate_text_Google_Paid,gcloud_en,0.120048
2025-11-17 14:48:59.980508,lclvh4,translate_text_Google_Paid,gcloud_fr,0.177466
2025-11-17 14:49:00.161490,lclvh4,translate_text_Google_Paid,gcloud_de,0.222026
2025-11-17 14:49:00.388531,lclvh4,translate_text_Google_Paid,gcloud_it,0.220517
2025-11-17 14:49:00.613065,lclvh4,translate_text_Google_Paid,gcloud_ht,0.150054
2025-11-17 14:49:00.766121,lclvh4,translate_text_Google_Paid,gcloud_zh,0.163062
2025-11-17 14:49:00.809557,lclvh4,translate_text_Google_Paid,gcloud_en,0.138694
2025-11-17 14:49:00.951529,lclvh4,translate_text_Google_Paid,gcloud_es,0.239252
2025-11-17 14:49:01.194743,lclvh4,translate_text_Google_Paid,gcloud_fr,0.162827
2025-11-17 14:49:01.360601,lclvh4,translate_text_Google_Paid,gcloud_de,0.217573
2025-11-17 14:49:01.582195,lclvh4,translate_text_Google_Paid,gcloud_it,0.168994
2025-11-17 14:49:01.754193,lclvh4,translate_text_Google_Paid,gcloud_ht,0.181178
2025-11-17 14:49:01.939397,lclvh4,translate_text_Google_Paid,gcloud_zh,0.189786
2025-11-17 14:49:02.395158,lclvh4,translate_text_Google_Paid,gcloud_en,0.103041
2025-11-17 14:49:02.502735,lclvh4,translate_text_Google_Paid,gcloud_es,0.209427
2025-11-17 14:49:02.715165,lclvh4,translate_text_Google_Paid,gcloud_fr,0.21258
2025-11-17 14:49:02.930263,lclvh4,translate_text_Google_Paid,gcloud_de,0.198169
2025-11-17 14:49:03.132451,lclvh4,translate_text_Google_Paid,gcloud_it,0.176131
2025-11-17 14:49:03.311593,lclvh4,translate_text_Google_Paid,gcloud_ht,0.198574
2025-11-17 14:49:03.514169,lclvh4,translate_text_Google_Paid,gcloud_zh,0.234446
2025-11-17 14:49:05.287641,lclvh4,translate_text_Google_Paid,gcloud_en,0.231767
2025-11-17 14:49:05.276594,lclvh4,translate_text_Google_Paid,gcloud_en,0.244819
2025-11-17 14:49:05.527411,lclvh4,translate_text_Google_Paid,gcloud_fr,0.261997
2025-11-17 14:49:05.521413,lclvh4,translate_text_Google_Paid,gcloud_fr,0.270763
2025-11-17 14:49:05.792176,lclvh4,translate_text_Google_Paid,gcloud_de,0.190142
2025-11-17 14:49:05.796840,lclvh4,translate_text_Google_Paid,gcloud_de,0.189477
2025-11-17 14:49:05.836187,lclvh4,translate_text_Google_Paid,gcloud_en,0.253165
2025-11-17 14:49:05.990353,lclvh4,translate_text_Google_Paid,gcloud_it,0.161788
2025-11-17 14:49:05.985317,lclvh4,translate_text_Google_Paid,gcloud_it,0.172414
2025-11-17 14:49:06.093124,lclvh4,translate_text_Google_Paid,gcloud_es,0.160106
2025-11-17 14:49:06.156136,lclvh4,translate_text_Google_Paid,gcloud_ht,0.194063
2025-11-17 14:49:06.162271,lclvh4,translate_text_Google_Paid,gcloud_ht,0.246946
2025-11-17 14:49:06.259444,lclvh4,translate_text_Google_Paid,gcloud_fr,0.207843
2025-11-17 14:49:06.352202,lclvh4,translate_text_Google_Paid,gcloud_zh,0.178066
2025-11-17 14:49:06.413227,lclvh4,translate_text_Google_Paid,gcloud_zh,0.184864
2025-11-17 14:49:06.470489,lclvh4,translate_text_Google_Paid,gcloud_de,0.202279
2025-11-17 14:49:06.675770,lclvh4,translate_text_Google_Paid,gcloud_it,0.170473
2025-11-17 14:49:06.850595,lclvh4,translate_text_Google_Paid,gcloud_ht,0.19706
2025-11-17 14:49:07.052199,lclvh4,translate_text_Google_Paid,gcloud_zh,0.174479
2025-11-17 14:49:07.165561,lclvh4,translate_text_Google_Paid,gcloud_en,0.095896
2025-11-17 14:49:07.265453,lclvh4,translate_text_Google_Paid,gcloud_es,0.249844
2025-11-17 14:49:07.520339,lclvh4,translate_text_Google_Paid,gcloud_fr,0.201012
2025-11-17 14:49:07.724352,lclvh4,translate_text_Google_Paid,gcloud_de,0.164761
2025-11-17 14:49:07.892108,lclvh4,translate_text_Google_Paid,gcloud_it,0.166004
2025-11-17 14:49:08.062138,lclvh4,translate_text_Google_Paid,gcloud_ht,0.195812
2025-11-17 14:49:08.262470,lclvh4,translate_text_Google_Paid,gcloud_zh,0.295791
2025-11-17 14:49:10.822712,lclvh4,translate_text_Google_Paid,gcloud_en,0.473885
2025-11-17 14:49:11.300117,lclvh4,translate_text_Google_Paid,gcloud_es,0.20975
2025-11-17 14:49:11.512867,lclvh4,translate_text_Google_Paid,gcloud_fr,0.204802
2025-11-17 14:49:11.719554,lclvh4,translate_text_Google_Paid,gcloud_de,0.199922
2025-11-17 14:49:11.921476,lclvh4,translate_text_Google_Paid,gcloud_it,0.180037
2025-11-17 14:49:12.105514,lclvh4,translate_text_Google_Paid,gcloud_ht,0.232255
2025-11-17 14:49:12.380951,lclvh4,translate_text_Google_Paid,gcloud_en,0.495221
2025-11-17 14:49:12.342306,lclvh4,translate_text_Google_Paid,gcloud_zh,0.56501
2025-11-17 14:49:12.881223,lclvh4,translate_text_Google_Paid,gcloud_es,0.227745
2025-11-17 14:49:13.113980,lclvh4,translate_text_Google_Paid,gcloud_fr,0.187468
2025-11-17 14:49:13.305448,lclvh4,translate_text_Google_Paid,gcloud_de,0.189969
2025-11-17 14:49:13.500456,lclvh4,translate_text_Google_Paid,gcloud_it,0.170033
2025-11-17 14:49:13.674486,lclvh4,translate_text_Google_Paid,gcloud_ht,0.194849
2025-11-17 14:49:13.873344,lclvh4,translate_text_Google_Paid,gcloud_zh,0.217163
2025-11-17 14:49:17.928200,lclvh4,translate_text_Google_Paid,gcloud_en,0.115362
2025-11-17 14:49:19.097609,lclvh4,translate_text_Google_Paid,gcloud_en,0.110766
2025-11-17 14:49:20.844378,lclvh4,translate_text_Google_Paid,gcloud_en,0.161934
2025-11-17 14:49:25.845753,lclvh4,translate_text_Google_Paid,gcloud_en,0.132455
2025-11-17 14:49:25.982243,lclvh4,translate_text_Google_Paid,gcloud_es,0.1672
2025-11-17 14:49:26.152418,lclvh4,translate_text_Google_Paid,gcloud_fr,0.146647
2025-11-17 14:49:26.303083,lclvh4,translate_text_Google_Paid,gcloud_de,0.192023
2025-11-17 14:49:26.498172,lclvh4,translate_text_Google_Paid,gcloud_it,0.188414
2025-11-17 14:49:26.691121,lclvh4,translate_text_Google_Paid,gcloud_ht,0.195348
2025-11-17 14:49:26.890604,lclvh4,translate_text_Google_Paid,gcloud_zh,0.227859
2025-11-17 14:49:35.883231,lclvh4,translate_text_Google_Paid,gcloud_en,0.127544
2025-11-17 14:49:36.014778,lclvh4,translate_text_Google_Paid,gcloud_es,0.205272
2025-11-17 14:49:40.885883,lclvh4,translate_text_Google_Paid,gcloud_en,0.14229
2025-11-17 14:49:41.030468,lclvh4,translate_text_Google_Paid,gcloud_es,0.167148
2025-11-17 14:49:41.201176,lclvh4,translate_text_Google_Paid,gcloud_fr,0.206993
2025-11-17 14:49:41.413192,lclvh4,translate_text_Google_Paid,gcloud_de,0.205342
2025-11-17 14:49:45.918915,lclvh4,translate_text_Google_Paid,gcloud_en,0.185204
2025-11-17 14:49:46.131310,lclvh4,translate_text_Google_Paid,gcloud_es,0.23217
2025-11-17 14:49:46.367987,lclvh4,translate_text_Google_Paid,gcloud_fr,0.241529
2025-11-17 14:49:46.615535,lclvh4,translate_text_Google_Paid,gcloud_de,0.362753
2025-11-17 14:49:46.988333,lclvh4,translate_text_Google_Paid,gcloud_it,0.547859
2025-11-17 14:49:47.541267,lclvh4,translate_text_Google_Paid,gcloud_ht,0.241099
2025-11-17 14:49:47.788385,lclvh4,translate_text_Google_Paid,gcloud_zh,0.34084
2025-11-17 14:49:50.900306,lclvh4,translate_text_Google_Paid,gcloud_en,0.168991
2025-11-17 14:49:51.073290,lclvh4,translate_text_Google_Paid,gcloud_es,0.177243
2025-11-17 14:49:51.253531,lclvh4,translate_text_Google_Paid,gcloud_fr,0.258207
2025-11-17 14:49:51.515744,lclvh4,translate_text_Google_Paid,gcloud_de,0.240467
2025-11-17 14:49:51.761284,lclvh4,translate_text_Google_Paid,gcloud_it,0.204647
2025-11-17 14:49:51.971994,lclvh4,translate_text_Google_Paid,gcloud_ht,0.292602
2025-11-17 14:49:52.269583,lclvh4,translate_text_Google_Paid,gcloud_zh,0.183945
2025-11-17 14:49:55.914518,lclvh4,translate_text_Google_Paid,gcloud_en,0.231499
2025-11-17 14:49:56.149038,lclvh4,translate_text_Google_Paid,gcloud_es,0.181271
2025-11-17 14:49:56.332309,lclvh4,translate_text_Google_Paid,gcloud_fr,0.218214
2025-11-17 14:49:56.553522,lclvh4,translate_text_Google_Paid,gcloud_de,0.215923
2025-11-17 14:49:56.772438,lclvh4,translate_text_Google_Paid,gcloud_it,0.205646
2025-11-17 14:49:56.981104,lclvh4,translate_text_Google_Paid,gcloud_ht,0.211287
2025-11-17 14:49:57.195382,lclvh4,translate_text_Google_Paid,gcloud_zh,0.324148
2025-11-17 14:49:57.479335,lclvh4,translate_text_Google_Paid,gcloud_en,0.118979
2025-11-17 14:50:05.945894,lclvh4,translate_text_Google_Paid,gcloud_en,0.118371
2025-11-17 14:50:06.067262,lclvh4,translate_text_Google_Paid,gcloud_es,0.212898
2025-11-17 14:50:06.282157,lclvh4,translate_text_Google_Paid,gcloud_fr,0.235447
2025-11-17 14:50:06.520165,lclvh4,translate_text_Google_Paid,gcloud_de,0.225076
2025-11-17 14:50:06.748263,lclvh4,translate_text_Google_Paid,gcloud_it,0.155267
2025-11-17 14:50:06.906493,lclvh4,translate_text_Google_Paid,gcloud_ht,0.252919
2025-11-17 14:50:07.162418,lclvh4,translate_text_Google_Paid,gcloud_zh,0.135976
2025-11-17 14:50:10.950116,lclvh4,translate_text_Google_Paid,gcloud_en,0.13726
2025-11-17 14:50:11.090621,lclvh4,translate_text_Google_Paid,gcloud_es,0.246741
2025-11-17 14:50:11.341781,lclvh4,translate_text_Google_Paid,gcloud_fr,0.184902
2025-11-17 14:50:11.531211,lclvh4,translate_text_Google_Paid,gcloud_de,0.200867
2025-11-17 14:50:11.735080,lclvh4,translate_text_Google_Paid,gcloud_it,0.199457
2025-11-17 14:50:11.939975,lclvh4,translate_text_Google_Paid,gcloud_ht,0.428373
2025-11-17 14:50:12.377889,lclvh4,translate_text_Google_Paid,gcloud_zh,0.241246
2025-11-17 14:50:12.368347,lclvh4,translate_text_Google_Paid,gcloud_en,0.531371
2025-11-17 14:50:20.973794,lclvh4,translate_text_Google_Paid,gcloud_en,0.115751
2025-11-17 14:50:21.091545,lclvh4,translate_text_Google_Paid,gcloud_es,0.173002
2025-11-17 14:50:21.268054,lclvh4,translate_text_Google_Paid,gcloud_fr,0.220399
2025-11-17 14:50:21.493466,lclvh4,translate_text_Google_Paid,gcloud_de,0.151619
2025-11-17 14:50:21.647590,lclvh4,translate_text_Google_Paid,gcloud_it,0.18402
2025-11-17 14:50:21.834573,lclvh4,translate_text_Google_Paid,gcloud_ht,0.240009
2025-11-17 14:50:22.080097,lclvh4,translate_text_Google_Paid,gcloud_zh,0.1766
2025-11-17 14:50:30.985252,lclvh4,translate_text_Google_Paid,gcloud_en,0.153037
2025-11-17 14:50:31.143311,lclvh4,translate_text_Google_Paid,gcloud_es,0.158781
2025-11-17 14:50:31.305090,lclvh4,translate_text_Google_Paid,gcloud_fr,0.176556
2025-11-17 14:50:31.483645,lclvh4,translate_text_Google_Paid,gcloud_de,0.158914
2025-11-17 14:50:31.644523,lclvh4,translate_text_Google_Paid,gcloud_it,0.256619
2025-11-17 14:50:31.904142,lclvh4,translate_text_Google_Paid,gcloud_ht,0.231849
2025-11-17 14:50:32.138510,lclvh4,translate_text_Google_Paid,gcloud_zh,0.201811
2025-11-17 14:50:40.996424,lclvh4,translate_text_Google_Paid,gcloud_en,0.132017
2025-11-17 14:50:41.131448,lclvh4,translate_text_Google_Paid,gcloud_es,0.216536
2025-11-17 14:50:41.350539,lclvh4,translate_text_Google_Paid,gcloud_fr,0.225602
2025-11-17 14:50:41.579451,lclvh4,translate_text_Google_Paid,gcloud_de,0.201977
2025-11-17 14:50:41.785429,lclvh4,translate_text_Google_Paid,gcloud_it,0.20506
2025-11-17 14:50:41.993488,lclvh4,translate_text_Google_Paid,gcloud_ht,0.194884
2025-11-17 14:50:42.191378,lclvh4,translate_text_Google_Paid,gcloud_zh,0.207188
2025-11-17 14:50:56.044513,lclvh4,translate_text_Google_Paid,gcloud_en,0.116151
2025-11-17 14:51:01.056119,lclvh4,translate_text_Google_Paid,gcloud_en,0.125405
2025-11-17 14:51:01.184525,lclvh4,translate_text_Google_Paid,gcloud_es,0.190827
2025-11-17 14:51:01.378521,lclvh4,translate_text_Google_Paid,gcloud_fr,0.179337
2025-11-17 14:51:01.561383,lclvh4,translate_text_Google_Paid,gcloud_de,0.244813
2025-11-17 14:51:01.808496,lclvh4,translate_text_Google_Paid,gcloud_it,0.179072
2025-11-17 14:51:01.991096,lclvh4,translate_text_Google_Paid,gcloud_ht,0.163372
2025-11-17 14:51:02.156468,lclvh4,translate_text_Google_Paid,gcloud_zh,0.203052
2025-11-17 14:51:16.089865,lclvh4,translate_text_Google_Paid,gcloud_en,0.121576
2025-11-17 14:51:16.215401,lclvh4,translate_text_Google_Paid,gcloud_es,0.19398
2025-11-17 14:51:21.094195,lclvh4,translate_text_Google_Paid,gcloud_en,0.161491
2025-11-17 14:51:21.258196,lclvh4,translate_text_Google_Paid,gcloud_es,0.181233
2025-11-17 14:51:21.442414,lclvh4,translate_text_Google_Paid,gcloud_fr,0.197942
2025-11-17 14:51:26.102956,lclvh4,translate_text_Google_Paid,gcloud_en,0.163542
2025-11-17 14:51:26.273166,lclvh4,translate_text_Google_Paid,gcloud_es,0.155298
2025-11-17 14:51:26.434475,lclvh4,translate_text_Google_Paid,gcloud_fr,0.231428
2025-11-17 14:51:26.667408,lclvh4,translate_text_Google_Paid,gcloud_de,0.272141
2025-11-17 14:51:26.941545,lclvh4,translate_text_Google_Paid,gcloud_it,0.247027
2025-11-17 14:51:27.190580,lclvh4,translate_text_Google_Paid,gcloud_ht,0.2438
2025-11-17 14:51:27.436379,lclvh4,translate_text_Google_Paid,gcloud_zh,0.191076
2025-11-17 14:51:31.118452,lclvh4,translate_text_Google_Paid,gcloud_en,0.134315
2025-11-17 14:51:31.255722,lclvh4,translate_text_Google_Paid,gcloud_es,0.162128
2025-11-17 14:51:31.419401,lclvh4,translate_text_Google_Paid,gcloud_fr,0.214945
2025-11-17 14:51:31.638378,lclvh4,translate_text_Google_Paid,gcloud_de,0.201756
2025-11-17 14:51:31.842134,lclvh4,translate_text_Google_Paid,gcloud_it,0.190648
2025-11-17 14:51:32.648160,lclvh4,translate_text_Google_Paid,gcloud_en,0.177896
2025-11-17 14:51:36.133147,lclvh4,translate_text_Google_Paid,gcloud_en,0.128825
2025-11-17 14:51:36.265989,lclvh4,translate_text_Google_Paid,gcloud_es,0.192537
2025-11-17 14:51:36.462642,lclvh4,translate_text_Google_Paid,gcloud_fr,0.209277
2025-11-17 14:51:36.674917,lclvh4,translate_text_Google_Paid,gcloud_de,0.209044
2025-11-17 14:51:36.885991,lclvh4,translate_text_Google_Paid,gcloud_it,0.218551
2025-11-17 14:51:37.110462,lclvh4,translate_text_Google_Paid,gcloud_ht,0.225062
2025-11-17 14:51:37.339551,lclvh4,translate_text_Google_Paid,gcloud_zh,0.230719
2025-11-17 14:51:41.140276,lclvh4,translate_text_Google_Paid,gcloud_en,0.189186
2025-11-17 14:51:41.331468,lclvh4,translate_text_Google_Paid,gcloud_es,0.244993
2025-11-17 14:51:41.578358,lclvh4,translate_text_Google_Paid,gcloud_fr,0.204696
2025-11-17 14:51:41.785056,lclvh4,translate_text_Google_Paid,gcloud_de,0.158143
2025-11-17 14:51:41.947697,lclvh4,translate_text_Google_Paid,gcloud_it,0.274475
2025-11-17 14:51:42.170273,lclvh4,translate_text_Google_Paid,gcloud_en,0.115248
2025-11-17 14:51:42.178500,lclvh4,translate_text_Google_Paid,gcloud_en,0.140795
2025-11-17 14:51:42.226178,lclvh4,translate_text_Google_Paid,gcloud_ht,0.224148
2025-11-17 14:51:42.288024,lclvh4,translate_text_Google_Paid,gcloud_fr,0.18208
2025-11-17 14:51:42.321341,lclvh4,translate_text_Google_Paid,gcloud_fr,0.238098
2025-11-17 14:51:42.456362,lclvh4,translate_text_Google_Paid,gcloud_zh,0.189764
2025-11-17 14:51:42.473105,lclvh4,translate_text_Google_Paid,gcloud_de,0.214614
2025-11-17 14:51:42.689239,lclvh4,translate_text_Google_Paid,gcloud_it,0.174408
2025-11-17 14:51:42.864648,lclvh4,translate_text_Google_Paid,gcloud_ht,0.196982
2025-11-17 14:51:42.597442,lclvh4,translate_text_Google_Paid,gcloud_en,0.466178
2025-11-17 14:51:42.562437,lclvh4,translate_text_Google_Paid,gcloud_de,0.570162
2025-11-17 14:51:43.066621,lclvh4,translate_text_Google_Paid,gcloud_es,0.153893
2025-11-17 14:51:43.063620,lclvh4,translate_text_Google_Paid,gcloud_zh,0.17554
2025-11-17 14:51:43.133549,lclvh4,translate_text_Google_Paid,gcloud_it,0.217723
2025-11-17 14:51:43.224543,lclvh4,translate_text_Google_Paid,gcloud_fr,0.225028
2025-11-17 14:51:43.353284,lclvh4,translate_text_Google_Paid,gcloud_ht,0.193452
2025-11-17 14:51:43.451560,lclvh4,translate_text_Google_Paid,gcloud_de,0.200608
2025-11-17 14:51:43.548192,lclvh4,translate_text_Google_Paid,gcloud_zh,0.208426
2025-11-17 14:51:43.655148,lclvh4,translate_text_Google_Paid,gcloud_it,0.176019
2025-11-17 14:51:43.833119,lclvh4,translate_text_Google_Paid,gcloud_ht,0.216991
2025-11-17 14:51:44.051948,lclvh4,translate_text_Google_Paid,gcloud_zh,0.16761
2025-11-17 14:52:16.194507,lclvh4,translate_text_Google_Paid,gcloud_en,0.119018
2025-11-17 14:52:16.315524,lclvh4,translate_text_Google_Paid,gcloud_es,0.296664
2025-11-17 14:52:16.614216,lclvh4,translate_text_Google_Paid,gcloud_fr,0.175445
2025-11-17 14:52:16.791596,lclvh4,translate_text_Google_Paid,gcloud_de,0.202265
2025-11-17 14:52:16.995881,lclvh4,translate_text_Google_Paid,gcloud_it,0.212173
2025-11-17 14:52:17.210294,lclvh4,translate_text_Google_Paid,gcloud_ht,0.267969
2025-11-17 14:52:17.480273,lclvh4,translate_text_Google_Paid,gcloud_zh,0.208996
2025-11-17 14:52:31.206241,lclvh4,translate_text_Google_Paid,gcloud_en,0.125086
2025-11-17 14:52:31.334283,lclvh4,translate_text_Google_Paid,gcloud_es,0.185101
2025-11-17 14:52:31.521324,lclvh4,translate_text_Google_Paid,gcloud_fr,0.196797
2025-11-17 14:52:31.722695,lclvh4,translate_text_Google_Paid,gcloud_de,0.235536
2025-11-17 14:52:31.964257,lclvh4,translate_text_Google_Paid,gcloud_it,0.208217
2025-11-17 14:52:32.174476,lclvh4,translate_text_Google_Paid,gcloud_ht,0.203407
2025-11-17 14:52:32.381477,lclvh4,translate_text_Google_Paid,gcloud_zh,0.199982
2025-11-17 14:52:32.689474,lclvh4,translate_text_Google_Paid,gcloud_en,0.140219
2025-11-17 14:52:32.831691,lclvh4,translate_text_Google_Paid,gcloud_fr,0.156361
2025-11-17 14:52:32.994082,lclvh4,translate_text_Google_Paid,gcloud_de,0.185496
2025-11-17 14:52:33.183577,lclvh4,translate_text_Google_Paid,gcloud_it,0.173843
2025-11-17 14:52:33.360992,lclvh4,translate_text_Google_Paid,gcloud_ht,0.216336
2025-11-17 14:52:33.578336,lclvh4,translate_text_Google_Paid,gcloud_zh,0.217768
2025-11-17 14:52:51.316107,lclvh4,translate_text_Google_Paid,gcloud_en,0.126359
2025-11-17 14:52:51.445465,lclvh4,translate_text_Google_Paid,gcloud_es,0.165889
2025-11-17 14:52:51.614354,lclvh4,translate_text_Google_Paid,gcloud_fr,0.216011
2025-11-17 14:52:51.833361,lclvh4,translate_text_Google_Paid,gcloud_de,0.177057
2025-11-17 14:52:52.013430,lclvh4,translate_text_Google_Paid,gcloud_it,0.206382
2025-11-17 14:52:52.221821,lclvh4,translate_text_Google_Paid,gcloud_ht,0.194292
2025-11-17 14:52:52.418145,lclvh4,translate_text_Google_Paid,gcloud_zh,0.191443
2025-11-17 14:52:56.341306,lclvh4,translate_text_Google_Paid,gcloud_en,0.137797
2025-11-17 14:52:56.485138,lclvh4,translate_text_Google_Paid,gcloud_es,0.205961
2025-11-17 14:52:56.694050,lclvh4,translate_text_Google_Paid,gcloud_fr,0.196889
2025-11-17 14:52:56.895966,lclvh4,translate_text_Google_Paid,gcloud_de,0.164342
2025-11-17 14:52:57.062339,lclvh4,translate_text_Google_Paid,gcloud_it,0.190203
2025-11-17 14:52:57.257531,lclvh4,translate_text_Google_Paid,gcloud_ht,0.21161
2025-11-17 14:52:57.472148,lclvh4,translate_text_Google_Paid,gcloud_zh,0.18103
2025-11-17 14:53:02.682536,lclvh4,translate_text_Google_Paid,gcloud_en,0.11373
2025-11-17 14:53:06.346468,lclvh4,translate_text_Google_Paid,gcloud_en,0.110113
2025-11-17 14:53:06.459097,lclvh4,translate_text_Google_Paid,gcloud_es,0.158226
2025-11-17 14:53:06.619516,lclvh4,translate_text_Google_Paid,gcloud_fr,0.203173
2025-11-17 14:53:06.826688,lclvh4,translate_text_Google_Paid,gcloud_de,0.17259
2025-11-17 14:53:07.003321,lclvh4,translate_text_Google_Paid,gcloud_it,0.177025
2025-11-17 14:53:07.188144,lclvh4,translate_text_Google_Paid,gcloud_ht,0.190904
2025-11-17 14:53:07.381048,lclvh4,translate_text_Google_Paid,gcloud_zh,0.204126
2025-11-17 14:54:32.615372,lclvh4,translate_text_Google_Paid,gcloud_es,0.81725
2025-11-17 14:55:22.658250,k4l0xz,translate_text_Google_Paid,gcloud_es,0.187814
2025-11-17 14:55:24.247546,k4l0xz,translate_text_Google_Paid,gcloud_en,0.132909
2025-11-17 14:55:24.382458,k4l0xz,translate_text_Google_Paid,gcloud_fr,0.158644
2025-11-17 14:55:24.543105,k4l0xz,translate_text_Google_Paid,gcloud_de,0.19908
2025-11-17 14:55:24.744188,k4l0xz,translate_text_Google_Paid,gcloud_it,0.195002
2025-11-17 14:55:24.941192,k4l0xz,translate_text_Google_Paid,gcloud_ht,0.199991
2025-11-17 14:55:25.144182,k4l0xz,translate_text_Google_Paid,gcloud_zh,0.185447
2025-11-17 14:55:27.660349,k4l0xz,translate_text_Google_Paid,gcloud_es,0.185452
2025-11-17 14:55:29.437589,k4l0xz,translate_text_Google_Paid,gcloud_en,0.127588
2025-11-17 14:55:29.568161,k4l0xz,translate_text_Google_Paid,gcloud_fr,0.210526
2025-11-17 14:55:29.781696,k4l0xz,translate_text_Google_Paid,gcloud_de,0.203839
2025-11-17 14:55:29.988042,k4l0xz,translate_text_Google_Paid,gcloud_it,0.162026
2025-11-17 14:55:30.152035,k4l0xz,translate_text_Google_Paid,gcloud_ht,0.143771
2025-11-17 14:55:30.297312,k4l0xz,translate_text_Google_Paid,gcloud_zh,0.224127
2025-11-17 14:55:37.660086,k4l0xz,translate_text_Google_Paid,gcloud_es,0.187987
2025-11-17 14:55:57.708076,k4l0xz,translate_text_Google_Paid,gcloud_es,0.209337
2025-11-17 14:56:01.250763,k4l0xz,translate_text_Google_Paid,gcloud_en,0.11961
2025-11-17 14:56:01.372374,k4l0xz,translate_text_Google_Paid,gcloud_fr,0.185265
2025-11-17 14:56:01.559177,k4l0xz,translate_text_Google_Paid,gcloud_de,0.206855
2025-11-17 14:56:01.769465,k4l0xz,translate_text_Google_Paid,gcloud_it,0.212453
2025-11-17 14:56:01.984914,k4l0xz,translate_text_Google_Paid,gcloud_ht,0.215512
2025-11-17 14:56:02.201422,k4l0xz,translate_text_Google_Paid,gcloud_zh,0.177618
2025-11-17 14:56:02.700061,k4l0xz,translate_text_Google_Paid,gcloud_es,0.179421
2025-11-17 14:56:07.725299,k4l0xz,translate_text_Google_Paid,gcloud_es,0.262329
2025-11-17 14:56:07.923052,k4l0xz,translate_text_Google_Paid,gcloud_es,0.325283
2025-11-17 14:56:11.529681,k4l0xz,translate_text_Google_Paid,gcloud_en,0.128649
2025-11-17 14:56:11.535681,k4l0xz,translate_text_Google_Paid,gcloud_en,0.17376
2025-11-17 14:56:11.660344,k4l0xz,translate_text_Google_Paid,gcloud_fr,0.208873
2025-11-17 14:56:11.712349,k4l0xz,translate_text_Google_Paid,gcloud_fr,0.303461
2025-11-17 14:56:11.871218,k4l0xz,translate_text_Google_Paid,gcloud_de,0.192426
2025-11-17 14:56:12.018323,k4l0xz,translate_text_Google_Paid,gcloud_de,0.201987
2025-11-17 14:56:12.065646,k4l0xz,translate_text_Google_Paid,gcloud_it,0.166221
2025-11-17 14:56:12.234867,k4l0xz,translate_text_Google_Paid,gcloud_ht,0.194715
2025-11-17 14:56:12.222309,k4l0xz,translate_text_Google_Paid,gcloud_it,0.25773
2025-11-17 14:56:12.459920,k4l0xz,translate_text_Google_Paid,gcloud_zh,0.244068
2025-11-17 14:56:12.508108,k4l0xz,translate_text_Google_Paid,gcloud_ht,0.224195
2025-11-17 14:56:12.733305,k4l0xz,translate_text_Google_Paid,gcloud_zh,0.187603
2025-11-17 14:56:12.753685,k4l0xz,translate_text_Google_Paid,gcloud_es,0.175784
2025-11-17 14:56:34.259152,k4l0xz,translate_text_Google_Paid,gcloud_es,0.886298
2025-11-17 14:56:34.217370,lclvh4,translate_text_Google_Paid,gcloud_es,0.959973
2025-11-17 14:56:37.012050,k4l0xz,translate_text_Google_Paid,gcloud_es,0.170093
2025-11-17 14:56:39.197350,k4l0xz,translate_text_Google_Paid,gcloud_es,0.208656
2025-11-17 14:57:04.266394,k4l0xz,translate_text_Google_Paid,gcloud_es,0.188895
2025-11-17 14:57:14.277978,k4l0xz,translate_text_Google_Paid,gcloud_es,0.182181
2025-11-17 14:57:18.094175,k4l0xz,translate_text_Google_Paid,gcloud_es,0.186796
2025-11-17 14:57:29.314165,k4l0xz,translate_text_Google_Paid,gcloud_es,0.242262
2025-11-17 14:58:04.384963,k4l0xz,translate_text_Google_Paid,gcloud_es,0.264501
2025-11-17 14:58:19.485272,k4l0xz,translate_text_Google_Paid,gcloud_es,0.200063
2025-11-17 14:58:44.568040,k4l0xz,translate_text_Google_Paid,gcloud_es,0.2482
2025-11-17 14:58:49.570955,k4l0xz,translate_text_Google_Paid,gcloud_es,0.195579
2025-11-17 14:59:19.664759,k4l0xz,translate_text_Google_Paid,gcloud_es,0.222834
2025-11-17 14:59:29.677476,k4l0xz,translate_text_Google_Paid,gcloud_es,0.166766
2025-11-17 14:59:44.696284,k4l0xz,translate_text_Google_Paid,gcloud_es,0.183908
2025-11-17 14:59:49.705153,k4l0xz,translate_text_Google_Paid,gcloud_es,0.189193
2025-11-17 15:00:09.825002,k4l0xz,translate_text_Google_Paid,gcloud_es,0.252799
2025-11-17 15:00:14.076004,k4l0xz,translate_text_Google_Paid,gcloud_es,0.314908
2025-11-17 15:00:14.835836,k4l0xz,translate_text_Google_Paid,gcloud_es,0.220013
2025-11-17 15:30:59.121340,2danw1,translate_text_Google_Paid,gcloud_es,0.380214
2025-11-17 15:31:03.336362,2danw1,translate_text_Google_Paid,gcloud_es,0.161256
2025-11-17 15:31:04.131033,2danw1,translate_text_Google_Paid,gcloud_es,0.199837
2025-11-17 15:31:59.235280,2danw1,translate_text_Google_Paid,gcloud_es,0.21501
2025-11-17 15:32:03.797158,2danw1,translate_text_Google_Paid,gcloud_es,0.225194
2025-11-17 15:32:04.251232,2danw1,translate_text_Google_Paid,gcloud_es,0.192766
2025-11-17 15:32:19.274943,2danw1,translate_text_Google_Paid,gcloud_es,0.20849
2025-11-17 15:33:04.397339,2danw1,translate_text_Google_Paid,gcloud_es,0.214315
2025-11-17 15:33:14.425530,2danw1,translate_text_Google_Paid,gcloud_es,0.190475
2025-11-17 15:33:14.812182,2danw1,translate_text_Google_Paid,gcloud_es,0.278301
2025-11-17 15:46:58.532111,2danw1,translate_text_Google_Paid,gcloud_es,0.803005
2025-11-17 15:46:58.480837,k4l0xz,translate_text_Google_Paid,gcloud_es,0.936198
2025-11-17 15:46:58.426121,lclvh4,translate_text_Google_Paid,gcloud_es,1.004546
2025-11-17 15:49:33.646515,u7fkhu,translate_text_Google_Paid,gcloud_es,0.160016
2025-11-17 15:49:43.673714,u7fkhu,translate_text_Google_Paid,gcloud_es,0.160517
2025-11-17 16:26:15.840400,o5r31j,translate_text_Google_Paid,gcloud_es,0.79564
2025-11-17 16:26:18.002785,o5r31j,translate_text_Google_Paid,gcloud_es,0.213331
2025-11-17 16:26:20.777982,o5r31j,translate_text_Google_Paid,gcloud_es,0.231509
2025-11-17 16:26:23.162101,o5r31j,translate_text_Google_Paid,gcloud_es,0.182293
2025-11-17 16:26:50.861669,o5r31j,translate_text_Google_Paid,gcloud_es,0.196205
2025-11-17 16:26:53.425662,o5r31j,translate_text_Google_Paid,gcloud_es,0.466004
2025-11-17 16:26:55.864099,o5r31j,translate_text_Google_Paid,gcloud_es,0.216508
2025-11-17 16:26:56.078594,o5r31j,translate_text_Google_Paid,gcloud_es,0.200058
2025-11-17 16:26:58.677875,o5r31j,translate_text_Google_Paid,gcloud_es,0.206093
2025-11-17 16:26:58.688404,o5r31j,translate_text_Google_Paid,gcloud_es,0.376815
2025-11-17 16:27:00.883903,o5r31j,translate_text_Google_Paid,gcloud_es,0.179148
2025-11-17 16:27:40.928170,o5r31j,translate_text_Google_Paid,gcloud_es,0.229931
2025-11-17 16:31:16.359474,o5r31j,translate_text_Google_Paid,gcloud_es,0.374809
2025-11-17 16:31:26.359795,o5r31j,translate_text_Google_Paid,gcloud_es,0.229645
2025-11-17 16:31:36.421046,o5r31j,translate_text_Google_Paid,gcloud_es,0.226124
2025-11-17 16:31:51.460324,o5r31j,translate_text_Google_Paid,gcloud_es,0.275993
2025-11-17 16:31:55.647810,o5r31j,translate_text_Google_Paid,gcloud_es,0.225008
2025-11-17 16:31:56.479551,o5r31j,translate_text_Google_Paid,gcloud_es,0.258851
2025-11-17 16:32:01.504175,o5r31j,translate_text_Google_Paid,gcloud_es,0.196162
2025-11-17 16:32:01.777791,o5r31j,translate_text_Google_Paid,gcloud_es,0.250322
2025-11-17 16:32:06.514906,o5r31j,translate_text_Google_Paid,gcloud_es,0.238606
2025-11-17 16:32:06.712498,o5r31j,translate_text_Google_Paid,gcloud_es,0.446604
2025-11-17 16:36:07.066187,o5r31j,translate_text_Google_Paid,gcloud_es,0.420942
2025-11-17 16:36:12.085027,o5r31j,translate_text_Google_Paid,gcloud_es,0.220229
2025-11-17 16:36:12.502633,o5r31j,translate_text_Google_Paid,gcloud_es,0.18574
2025-11-17 16:36:17.106414,o5r31j,translate_text_Google_Paid,gcloud_es,0.228483
2025-11-17 16:36:22.136543,o5r31j,translate_text_Google_Paid,gcloud_es,0.214486
2025-11-17 16:36:27.149772,o5r31j,translate_text_Google_Paid,gcloud_es,0.198361
2025-11-17 16:36:37.152272,o5r31j,translate_text_Google_Paid,gcloud_es,0.191932
2025-11-17 16:36:47.170154,o5r31j,translate_text_Google_Paid,gcloud_es,0.217105
2025-11-17 16:37:07.204453,o5r31j,translate_text_Google_Paid,gcloud_es,0.242126
2025-11-17 16:37:17.250703,o5r31j,translate_text_Google_Paid,gcloud_es,0.196092
2025-11-17 16:37:32.259403,o5r31j,translate_text_Google_Paid,gcloud_es,0.240476
2025-11-17 16:39:02.465585,o5r31j,translate_text_Google_Paid,gcloud_es,0.197268
2025-11-17 16:39:12.468967,o5r31j,translate_text_Google_Paid,gcloud_es,0.197756
2025-11-17 16:39:27.518632,o5r31j,translate_text_Google_Paid,gcloud_es,0.438516
2025-11-17 16:39:57.588245,o5r31j,translate_text_Google_Paid,gcloud_es,0.165748
2025-11-17 16:40:22.664485,o5r31j,translate_text_Google_Paid,gcloud_es,0.219076
2025-11-17 16:40:27.681871,o5r31j,translate_text_Google_Paid,gcloud_es,0.209041
2025-11-17 16:40:32.685646,o5r31j,translate_text_Google_Paid,gcloud_es,0.172089
2025-11-17 16:40:37.908679,o5r31j,translate_text_Google_Paid,gcloud_es,0.204459
2025-11-17 16:40:42.729149,o5r31j,translate_text_Google_Paid,gcloud_es,0.179062
2025-11-17 16:40:47.741730,o5r31j,translate_text_Google_Paid,gcloud_es,0.207723
